{"cameraMode":{"drawMode":0,"name":"Shaded","section":"Shading Mode"},"sceneLighting":true,"audioPlay":false,"sceneViewState":{"m_AlwaysRefresh":false,"showFog":true,"showSkybox":true,"showFlares":true,"showImageEffects":true,"showParticleSystems":true,"showVisualEffectGraphs":true,"m_FxEnabled":true},"in2DMode":false,"pivot":{"x":363.2608947753906,"y":180.90545654296876,"z":-373.4694519042969},"rotation":{"x":-0.13178510963916779,"y":-0.04548534378409386,"z":0.006053614895790815,"w":-0.9902167916297913},"size":71.85652160644531,"orthographic":false}