{"cameraMode":{"drawMode":0,"name":"Shaded","section":"Shading Mode"},"sceneLighting":true,"audioPlay":false,"sceneViewState":{"m_AlwaysRefresh":false,"showFog":true,"showSkybox":true,"showFlares":true,"showImageEffects":true,"showParticleSystems":true,"showVisualEffectGraphs":true,"m_FxEnabled":true},"in2DMode":false,"pivot":{"x":241.4135284423828,"y":181.9459991455078,"z":123.28128051757813},"rotation":{"x":-0.08343309909105301,"y":-0.13500352203845979,"z":0.011409066617488861,"w":-0.987259566783905},"size":304.06561279296877,"orthographic":false}