{"cameraMode":{"drawMode":0,"name":"Shaded","section":"Shading Mode"},"sceneLighting":false,"audioPlay":false,"sceneViewState":{"m_AlwaysRefresh":false,"showFog":true,"showSkybox":false,"showFlares":true,"showImageEffects":true,"showParticleSystems":true,"showVisualEffectGraphs":true,"m_FxEnabled":true},"in2DMode":false,"pivot":{"x":-1.1176459789276124,"y":14.307060241699219,"z":7.239090919494629},"rotation":{"x":-0.01856205426156521,"y":0.9020696878433228,"z":-0.42943504452705386,"w":-0.03899269551038742},"size":0.9270384311676025,"orthographic":false}